{
  "spectrum_vs_dimension": {
    "k1_L1": {
      "k": 1,
      "L": 1,
      "dim": 1,
      "group_stats": {
        "group_0": {
          "M_min": 0.00430416068866571,
          "M_max": 0.3697478991596639,
          "M_mean": 0.13118159405374513,
          "M_std": 0.12261718092278816,
          "spectral_width": 0.12261718092278816,
          "effective_support": 0.29580893129112906,
          "peak_M": 0.025,
          "histogram": [
            50,
            2,
            6,
            8,
            8,
            13,
            9,
            4,
            0,
            0,
            0,
            0,
            0,
            0,
            0,
            0,
            0,
            0,
            0,
            0
          ],
          "bin_edges": [
            0.0,
            0.05,
            0.1,
            0.15000000000000002,
            0.2,
            0.25,
            0.30000000000000004,
            0.35000000000000003,
            0.4,
            0.45,
            0.5,
            0.55,
            0.6000000000000001,
            0.65,
            0.7000000000000001,
            0.75,
            0.8,
            0.8500000000000001,
            0.9,
            0.9500000000000001,
            1.0
          ]
        }
      },
      "combined_props": {
        "M_min": 0.00430416068866571,
        "M_max": 0.3697478991596639,
        "M_mean": 0.13118159405374513,
        "M_std": 0.12261718092278816,
        "spectral_width": 0.12261718092278816,
        "effective_support": 0.29580893129112906,
        "peak_M": 0.025,
        "histogram": [
          50,
          2,
          6,
          8,
          8,
          13,
          9,
          4,
          0,
          0,
          0,
          0,
          0,
          0,
          0,
          0,
          0,
          0,
          0,
          0
        ],
        "bin_edges": [
          0.0,
          0.05,
          0.1,
          0.15000000000000002,
          0.2,
          0.25,
          0.30000000000000004,
          0.35000000000000003,
          0.4,
          0.45,
          0.5,
          0.55,
          0.6000000000000001,
          0.65,
          0.7000000000000001,
          0.75,
          0.8,
          0.8500000000000001,
          0.9,
          0.9500000000000001,
          1.0
        ]
      },
      "n_runs": 100
    },
    "k2_L1": {
      "k": 2,
      "L": 1,
      "dim": 2,
      "group_stats": {
        "group_0": {
          "M_min": 0.00430416068866571,
          "M_max": 0.3697478991596639,
          "M_mean": 0.13118159405374513,
          "M_std": 0.12261718092278816,
          "spectral_width": 0.12261718092278816,
          "effective_support": 0.29580893129112906,
          "peak_M": 0.025,
          "histogram": [
            50,
            2,
            6,
            8,
            8,
            13,
            9,
            4,
            0,
            0,
            0,
            0,
            0,
            0,
            0,
            0,
            0,
            0,
            0,
            0
          ],
          "bin_edges": [
            0.0,
            0.05,
            0.1,
            0.15000000000000002,
            0.2,
            0.25,
            0.30000000000000004,
            0.35000000000000003,
            0.4,
            0.45,
            0.5,
            0.55,
            0.6000000000000001,
            0.65,
            0.7000000000000001,
            0.75,
            0.8,
            0.8500000000000001,
            0.9,
            0.9500000000000001,
            1.0
          ]
        },
        "group_1": {
          "M_min": 0.007523939808481532,
          "M_max": 0.37193627450980393,
          "M_mean": 0.13680331300018295,
          "M_std": 0.12444752496187095,
          "spectral_width": 0.12444752496187095,
          "effective_support": 0.3078061432564432,
          "peak_M": 0.025,
          "histogram": [
            49,
            2,
            3,
            8,
            12,
            13,
            11,
            2,
            0,
            0,
            0,
            0,
            0,
            0,
            0,
            0,
            0,
            0,
            0,
            0
          ],
          "bin_edges": [
            0.0,
            0.05,
            0.1,
            0.15000000000000002,
            0.2,
            0.25,
            0.30000000000000004,
            0.35000000000000003,
            0.4,
            0.45,
            0.5,
            0.55,
            0.6000000000000001,
            0.65,
            0.7000000000000001,
            0.75,
            0.8,
            0.8500000000000001,
            0.9,
            0.9500000000000001,
            1.0
          ]
        }
      },
      "combined_props": {
        "M_min": 0.00430416068866571,
        "M_max": 0.37193627450980393,
        "M_mean": 0.13399245352696404,
        "M_std": 0.1235677170391677,
        "spectral_width": 0.1235677170391677,
        "effective_support": 0.30423866092750257,
        "peak_M": 0.025,
        "histogram": [
          99,
          4,
          9,
          16,
          20,
          26,
          20,
          6,
          0,
          0,
          0,
          0,
          0,
          0,
          0,
          0,
          0,
          0,
          0,
          0
        ],
        "bin_edges": [
          0.0,
          0.05,
          0.1,
          0.15000000000000002,
          0.2,
          0.25,
          0.30000000000000004,
          0.35000000000000003,
          0.4,
          0.45,
          0.5,
          0.55,
          0.6000000000000001,
          0.65,
          0.7000000000000001,
          0.75,
          0.8,
          0.8500000000000001,
          0.9,
          0.9500000000000001,
          1.0
        ]
      },
      "n_runs": 100
    },
    "k1_L2": {
      "k": 1,
      "L": 2,
      "dim": 2,
      "group_stats": {
        "group_0": {
          "M_min": 0.00430416068866571,
          "M_max": 0.3697478991596639,
          "M_mean": 0.13118159405374513,
          "M_std": 0.12261718092278816,
          "spectral_width": 0.12261718092278816,
          "effective_support": 0.29580893129112906,
          "peak_M": 0.025,
          "histogram": [
            50,
            2,
            6,
            8,
            8,
            13,
            9,
            4,
            0,
            0,
            0,
            0,
            0,
            0,
            0,
            0,
            0,
            0,
            0,
            0
          ],
          "bin_edges": [
            0.0,
            0.05,
            0.1,
            0.15000000000000002,
            0.2,
            0.25,
            0.30000000000000004,
            0.35000000000000003,
            0.4,
            0.45,
            0.5,
            0.55,
            0.6000000000000001,
            0.65,
            0.7000000000000001,
            0.75,
            0.8,
            0.8500000000000001,
            0.9,
            0.9500000000000001,
            1.0
          ]
        }
      },
      "combined_props": {
        "M_min": 0.00430416068866571,
        "M_max": 0.3697478991596639,
        "M_mean": 0.13118159405374513,
        "M_std": 0.12261718092278816,
        "spectral_width": 0.12261718092278816,
        "effective_support": 0.29580893129112906,
        "peak_M": 0.025,
        "histogram": [
          50,
          2,
          6,
          8,
          8,
          13,
          9,
          4,
          0,
          0,
          0,
          0,
          0,
          0,
          0,
          0,
          0,
          0,
          0,
          0
        ],