{
  "0.0": {
    "low_mean": 0.027678838315908484,
    "low_std": 0.0033124304422078956,
    "high_mean": 0.3329353501082556,
    "high_std": 0.017417552505681305,
    "bistable": 