{
  "0.05": {
    "0.0": 0.0,
    "0.1": 0.0,
    "0.2": 0.0,
    "0.3": 0.4,
    "0.5": 0.13333333333333333
  },
  "0.1": {
    "0.0": 0.0,
    "0.1": 0.0,
    "0.2": 0.0,
    "0.3": 0.4,
    "0.5": 0.26666666666666666
  },
  "0.2": {
    "0.0": 0.0,
    "0.1": 0.0,
    "0.2": 0.0,
    "0.3": 0.4,
    "0.5": 0.3333333333333333
  }
}