{
  "8": [
    0.7448275862068966,
    0.3212121212121212,
    0.5333333333333333,
    0.8028169014084507,
    0.6516129032258065,
    0.6797385620915033,
    0.6164383561643836,
    0.21710526315789475,
    0.49390243902439024,
    0.3835616438356164,
    0.6540880503144654,
    0.7719298245614035,
    0.6258064516129033,
    0.6809815950920245,
    0.3333333333333333,
    0.6013513513513513,
    0.525,
    0.6089743589743589,
    0.5189873417721519,
    0.6223776223776224
  ],
  "12": [
    0.7310344827586207,
    0.7065868263473054,
    0.5531914893617021,
    0.5828220858895705,
    0.6363636363636364,
    0.6035502958579881,
    0.6153846153846154,
    0.5935483870967742,
    0.28169014084507044,
    0.43884892086330934,
    0.5986842105263158,
    0.5512820512820513,
    0.5714285714285714,
    0.44516129032258067,
    0.44516129032258067,
    0.7314285714285714,
    0.7207792207792207,
    0.5911949685534591,
    0.5833333333333334,
    0.5714285714285714
  ],
  "16": [
    0.7088607594936709,
    0.5142857142857142,
    0.7393939393939394,
    0.7232704402515723,
    0.6040268456375839,
    0.22012578616352202,
    0.7058823529411765,
    0.6575342465753424,
    0.5578231292517006,
    0.5925925925925926,
    0.4189189189189189,
    0.35526315789473684,
    0.7338129496402878,
    0.6363636363636364,
    0.7100591715976331,
    0.5793103448275863,
    0.5135135135135135,
    0.36,
    0.24342105263157895,
    0.7407407407407407
  ],
  "20": [
    0.625,
    0.6805555555555556,
    0.484472049689441,
    0.37333333333333335,
    0.5035460992907801,
    0.36486486486486486,
    0.5769230769230769,
    0.5032679738562091,
    0.4409937888198758,
    0.7294117647058823,
    0.23170731707317074,
    0.6503496503496503,
    0.5816993464052288,
    0.7304964539007093,
    0.6111111111111112,
    0.7189542483660131,
    0.7041420118343196,
    0.689873417721519,
    0.7070063694267515,
    0.7733333333333333
  ],
  "24": [
    0.6346153846153846,
    0.73125,
    0.8301886792452831,
    0.5100671140939598,
    0.2302158273381295,
    0.7290322580645161,
    0.7464788732394366,
    0.6013071895424836,
    0.7012987012987013,
    0.6666666666666666,
    0.49390243902439024,
    0.32919254658385094,
    0.5128205128205128,
    0.4339622641509434,
    0.43670886075949367,
    0.34057971014492755,
    0.6967741935483871,
    0.7961783439490446,
    0.6686746987951807,
    0.5675675675675675
  ],
  "32": [
    0.6766467065868264,
    0.7243589743589743,
    0.29936305732484075,
    0.2967741935483871,
    0.6621621621621622,
    0.4936708860759494,
    0.391812865497076,
    0.6139240506329114,
    0.5161290322580645,
    0.5094339622641509,
    0.6838709677419355,
    0.2903225806451613,
    0.43506493506493504,
    0.7631578947368421,
    0.24503311258278146,
    0.3611111111111111,
    0.6209150326797386,
    0.6428571428571429,
    0.3067484662576687,
    0.44654088050314467
  ]
}