{
  "L1": {
    "L": 1,
    "k": 3,
    "lambda_c_WTA": 0.03384143996354813,
    "N_att": {
      "0.001": 8,
      "0.010": 8,
      "0.030": 8,
      "0.050": 2,
      "0.080": 2,
      "0.150": 2
    },
    "elapsed_seconds": 82.34416365623474
  },
  "L2": {
    "L": 2,
    "k": 3,
    "lambda_c_WTA": null,
    "N_att": {
      "0.001": 64,
      "0.010": 64,
      "0.030": 51,
      "0.050": 7,
      "0.080": 4,
      "0.150": 2
    },
    "elapsed_seconds": 11.966848134994507
  },
  "L3": {
    "L": 3,
    "k": 3,
    "lambda_c_WTA": null,
    "N_att": {
      "0.001": 135,
      "0.010": 126,
      "0.030": 81,
      "0.050": 6,
      "0.080": 2,
      "0.150": 2
    },
    "elapsed_seconds": 17.714006185531616
  },
  "L4": {
    "L": 4,
    "k": 3,
    "lambda_c_WTA": null,
    "N_att": {
      "0.001": 130,
      "0.010": 130,
      "0.030": 96,
      "0.050": 6,
      "0.080": 2,
      "0.150": 2
    },
    "elapsed_seconds": 23.35696840286255
  }
}