{
  "1": {
    "n_att_values": {
      "0.001": 8,
      "0.005": 8,
      "0.01": 8,
      "0.02": 8,
      "0.03": 8,
      "0.04": 2,
      "0.05": 2,
      "0.06": 2,
      "0.08": 2,
      "0.1": 2,
      "0.15": 2
    },
    "lambda_90": 0.035,
    "lambda_50": 0.035,
    "delta_lambda": 0.0,
    "n_att_max": 8
  },
  "2": {
    "n_att_values": {
      "0.001": 64,
      "0.005": 64,
      "0.01": 63,
      "0.02": 61,
      "0.03": 53,
      "0.04": 18,
      "0.05": 10,
      "0.06": 5,
      "0.08": 4,
      "0.1": 2,
      "0.15": 2
    },
    "lambda_90": 0.025,
    "lambda_50": 0.035,
    "delta_lambda": 0.010000000000000002,
    "n_att_max": 64
  },
  "3": {
    "n_att_values": {
      "0.001": 135,
      "0.005": 130,
      "0.01": 128,
      "0.02": 113,
      "0.03": 88,
      "0.04": 31,
      "0.05": 8,
      "0.06": 2,
      "0.08": 2,
      "0.1": 2,
      "0.15": 2
    },
    "lambda_90": 0.015,
    "lambda_50": 0.035,
    "delta_lambda": 0.020000000000000004,
    "n_att_max": 135
  },
  "4": {
    "n_att_values": {
      "0.001": 133,
      "0.005": 127,
      "0.01": 127,
      "0.02": 119,
      "0.03": 90,
      "0.04": 31,
      "0.05": 4,
      "0.06": 2,
      "0.08": 2,
      "0.1": 2,
      "0.15": 2
    },
    "lambda_90": 0.015,
    "lambda_50": 0.035,
    "delta_lambda": 0.020000000000000004,
    "n_att_max": 133
  },
  "5": {
    "n_att_values": {
      "0.001": 134,
      "0.005": 136,
      "0.01": 128,
      "0.02": 120,
      "0.03": 97,
      "0.04": 31,
      "0.05": 5,
      "0.06": 2,
      "0.08": 2,
      "0.1": 2,
      "0.15": 2
    },
    "lambda_90": 0.015,
    "lambda_50": 0.035,
    "delta_lambda": 0.020000000000000004,
    "n_att_max": 136
  }
}