{
  "M_results": {
    "2.0": {
      "mean": 0.24998811334099588,
      "std": 0.08911980215022447
    },
    "2.25": {
      "mean": 0.6841019705224992,
      "std": 0.11992571677957546
    },
    "2.5": {
      "mean": 0.8672772394489199,
      "std": 0.033155653419024114
    },
    "2.75": {
      "mean": 0.9197283082799151,
      "std": 0.02693470016872582
    },
    "3.0": {
      "mean": 0.9641356002930078,
      "std": 0.013336930353116066
    }
  },
  "rates_k2": {
    "tau_HL": 17.8,
    "tau_LH": NaN,
    "asymmetry": NaN,
    "high_escaped": 1.0,
    "low_escaped": 0.0
  },
  "rates_k3": {
    "tau_HL": 10.0,
    "tau_LH": 62.9,
    "asymmetry": 6.29,
    "high_escaped": 0.8,
    "low_escaped": 1.0
  }
}