{
  "results": {
    "2.32": {
      "M": 0.6675586315379819,
      "P_HL": 0.3333333333333333,
      "P_LH": 0.4,
      "dV": 0.1823215567939548,
      "has_bistability": 