{
  "results": {
    "2.35": 0.3364722366212129,
    "2.4": 0.4054651081081642,
    "2.45": 1.5040773967762742,
    "2.5": 1.8718021769015913,
    "2.55": 1.9459101490553132
  },
  "linear": {
    "slope": 9.978119805933542,
    "R2": 0.8206641429388627
  },
  "power": {
    "A": 15.777223608026796,
    "beta": 1.162558057969627,
    "R2": 0.7144711787345491
  }
}