{
  "N30_g0.25": {
    "N": 30,
    "gamma": 0.25,
    "mean": 0.08438876789911758,
    "std": 0.02837418339923906
  },
  "N30_g0.35": {
    "N": 30,
    "gamma": 0.35,
    "mean": 0.08438876789911758,
    "std": 0.02837418339923906
  },
  "N30_g0.45": {
    "N": 30,
    "gamma": 0.45,
    "mean": 0.08438876789911758,
    "std": 0.02837418339923906
  },
  "N50_g0.25": {
    "N": 50,
    "gamma": 0.25,
    "mean": 0.06687025502117812,
    "std": 0.029001441330579265
  },
  "N50_g0.35": {
    "N": 50,
    "gamma": 0.35,
    "mean": 0.06687025502117812,
    "std": 0.029001441330579265
  },
  "N50_g0.45": {
    "N": 50,
    "gamma": 0.45,
    "mean": 0.06687025502117812,
    "std": 0.029001441330579265
  }
}