{
  "2": {
    "mean": 0.1337728754450225,
    "std": 0.0326943238403586,
    "bimodal": false
  },
  "3": {
    "mean": 0.9938701609716103,
    "std": 0.014093722492298084,
    "bimodal": false
  },
  "4": {
    "mean": 0.9987616099071207,
    "std": 0.003162904579008624,
    "bimodal": false
  },
  "6": {
    "mean": 1.0,
    "std": 0.0,
    "bimodal": false
  },
  "8": {
    "mean": 1.0,
    "std": 0.0,
    "bimodal": false
  }
}