{
  "baseline": {
    "mean": 0.6917819044582518,
    "std": 0.13395154142312318
  },
  "fusion_square": {
    "mean": 0.6917819044582518,
    "std": 0.13395154142312318
  },
  "fusion_sqrt": {
    "mean": 0.6917819044582518,
    "std": 0.13395154142312318
  },
  "split_random": {
    "mean": 0.6820537601582264,
    "std": 0.09064864816927408
  },
  "noise_low": {
    "mean": 0.7384448655300623,
    "std": 0.08499553790239991
  },
  "noise_high": {
    "mean": 0.738005806962048,
    "std": 0.08299489879879568
  }
}