{
  "k_c": 2.3,
  "results": {
    "2.3": {
      "M": 0.6395423213753378,
      "P_HL": 0.28,
      "P_LH": 0.24,
      "dV": -0.1541506798272585,
      "has_bistability": false
    },
    "2.35": {
      "M": 0.677043409013555,
      "P_HL": 0.28,
      "P_LH": 0.72,
      "dV": 0.9444616088408513,
      "has_bistability": true
    },
    "2.4": {
      "M": 0.6731147482845105,
      "P_HL": 0.2,
      "P_LH": 0.6,
      "dV": 1.0986122886681096,
      "has_bistability": true
    },
    "2.45": {
      "M": 0.7271728841778836,
      "P_HL": 0.12,
      "P_LH": 0.68,
      "dV": 1.7346010553881064,
      "has_bistability": true
    },
    "2.5": {
      "M": 0.7170951994921497,
      "P_HL": 0.16,
      "P_LH": 0.84,
      "dV": 1.6582280766035324,
      "has_bistability": true
    },
    "2.55": {
      "M": 0.7467636776433991,
      "P_HL": 0.16,
      "P_LH": 0.92,
      "dV": 1.749199854809259,
      "has_bistability": true
    },
    "2.6": {
      "M": 0.7249778460569042,
      "P_HL": 0.12,
      "P_LH": 1.0,
      "dV": 2.120263536200091,
      "has_bistability": true
    }
  }
}