{
  "M_results": {
    "2.2": {
      "mean": 0.9317001618083696,
      "std": 0.025919582538667538
    },
    "2.3": {
      "mean": 0.9110447828512538,
      "std": 0.028862187188934286
    },
    "2.4": {
      "mean": 0.9100400482752284,
      "std": 0.024560693995074413
    },
    "2.5": {
      "mean": 0.8652248863378208,
      "std": 0.033474883225934636
    },
    "2.6": {
      "mean": 0.8523801924323369,
      "std": 0.057971041325047074
    },
    "2.8": {
      "mean": 0.636352828304122,
      "std": 0.1983332339047102
    },
    "3.0": {
      "mean": 0.23169609805663574,
      "std": 0.06841238013822779
    }
  },
  "rate_results": {
    "2.2": {
      "tau_HL": 19.2,
      "tau_LH": 73.7,
      "p_HL": 0.5,
      "p_LH": 1.0,
      "ratio": 3.838541666666667
    },
    "2.3": {
      "tau_HL": 12.8,
      "tau_LH": 87.1,
      "p_HL": 0.5,
      "p_LH": 1.0,
      "ratio": 6.804687499999999
    },
    "2.4": {
      "tau_HL": 9.714285714285714,
      "tau_LH": 98.6,
      "p_HL": 0.7,
      "p_LH": 1.0,
      "ratio": 10.15
    },
    "2.5": {
      "tau_HL": 10.166666666666666,
      "tau_LH": 117.2,
      "p_HL": 0.6,
      "p_LH": 1.0,
      "ratio": 11.527868852459017
    },
    "2.6": {
      "tau_HL": 11.5,
      "tau_LH": 141.3,
      "p_HL": 0.4,
      "p_LH": 1.0,
      "ratio": 12.286956521739132
    },
    "2.8": {
      "tau_HL": 24.625,
      "tau_LH": 283.5,
      "p_HL": 0.8,
      "p_LH": 1.0,
      "ratio": 11.51269035532995
    },
    "3.0": {
      "tau_HL": 17.8,
      "tau_LH": Infinity,
      "p_HL": 1.0,
      "p_LH": 0.0,
      "ratio": NaN
    }
  },
  "barrier_data": [
    [
      2.2,
      1.3450925201615551,
      3.838541666666667
    ],
    [
      2.3,
      1.9176117129328856,
      6.804687499999999
    ],
    [
      2.4,
      2.3174737054877963,
      10.15
    ],
    [
      2.5,
      2.444767482197656,
      11.527868852459017
    ],
    [
      2.6,
      2.5085382543212775,
      12.286956521739132
    ],
    [
      2.8,
      2.443449936109654,
      11.51269035532995
    ],
    [
      3.0,
      0.0,
      0.0
    ]
  ],
  "fitting": {
    "k_c": 2.1,
    "beta": 2.701820478196142,
    "delta": 0.5187401194245066
  }
}