{
  "step1_bistability": {
    "has_bistability": false,
    "mean_low": 0.20115816545463291,
    "mean_high": 0.17742303930254794
  },
  "step2_FM": {
    "M1_star": 0.45,
    "M0": 0.6,
    "M2_star": 1.0
  },
  "step3_dimension": {
    "2": 0.20945547493441674,
    "4": 0.20861574352482964,
    "8": 0.20052297512383824,
    "16": 0.206344063790543,
    "32": 0.18918381435969855
  },
  "step4_k": {
    "k2": 0.1752045760197813,
    "k3": 0.2023021502160196
  }
}