{
  "results": {
    "2.35": {
      "tau_HL": 180.83333333333334,
      "tau_LH": 148.43333333333334,
      "p": 0.65
    },
    "2.4": {
      "tau_HL": 211.73333333333332,
      "tau_LH": 144.33333333333334,
      "p": 0.6
    },
    "2.45": {
      "tau_HL": 219.5,
      "tau_LH": 128.5,
      "p": 0.55
    },
    "2.5": {
      "tau_HL": 203.4,
      "tau_LH": 115.46666666666667,
      "p": 0.5
    },
    "2.55": {
      "tau_HL": 202.63333333333333,
      "tau_LH": 104.7,
      "p": 0.45
    },
    "2.6": {
      "tau_HL": 210.53333333333333,
      "tau_LH": 95.63333333333334,
      "p": 0.4
    }
  },
  "fits": {
    "linear": {
      "slope": -242.3999999999999,
      "intercept": 154.08666666666664,
      "R2": 0.9879262308336798
    },
    "power": {
      "A": 69.72226522660591,
      "gamma": -0.25179231883908687,
      "R2": 0.9657516667410728
    },
    "exp": {
      "A": 12334.519039340083,
      "b": -1.867484815651698,
      "R2": 0.9674187864905823
    }
  },
  "best": {
    "type": "linear",
    "R2": 0.9879262308336798
  }
}