{
  "k": 1,
  "L": 1,
  "lambda": 0.0,
  "mu": 0.0,
  "n_runs": 50,
  "n_attractors": 1,
  "unique_M": [
    0.02899751449875725
  ],
  "final_M_mean": 0.04744224681377979,
  "final_M_std": 0.007239838594424002,
  "all_final_M": [
    0.02899751449875725,
    0.042352941176470586,
    0.050033806626098715,
    0.04430863254392666,
    0.04575163398692811,
    0.04889228418640184,
    0.04429920116194626,
    0.047987616099071206,
    0.054239877769289534,
    0.060275962236746555,
    0.05087440381558029,
    0.04982698961937716,
    0.054519368723098996,
    0.03469079939668175,
    0.049999999999999996,
    0.05367647058823529,
    0.061002178649237467,
    0.04627450980392157,
    0.04102167182662538,
    0.0499597099113618,
    0.049773755656108594,
    0.03544494720965309,
    0.051669316375198726,
    0.04507257448433919,
    0.042986425339366516,
    0.044676098287416234,
    0.05656108597285068,
    0.05263157894736842,
    0.045124899274778404,
    0.04938271604938271,
    0.051184110007639415,
    0.04593070104754231,
    0.05128205128205128,
    0.049888309754281455,
    0.040540540540540536,
    0.04779411764705882,
    0.05254901960784314,
    0.02786377708978328,
    0.060351413292589765,
    0.04647785039941903,
    0.04812834224598931,
    0.05667144906743185,
    0.038431372549019606,
    0.05429864253393665,
    0.031796502384737683,
    0.04889228418640184,
    0.0531829170024174,
    0.047058823529411764,
    0.042986425339366516,
    0.0444947209653092
  ]
}